The_Farm_F2F21 ,  39077444-79E2-4AE0-A9F7-3EF60DAF2F21 , The Farm , 438649.0 , 518171.0
The_Poultry_Farm_5D46C ,  642EA7F7-6A90-4CA8-A5EF-F6069175D46C , The Poultry Farm , 431560.0 , 561959.0
The_Willows_Farm_614F4 ,  7CC886F9-A6BA-440E-83FC-D417046614F4 , The Willows Farm , 431502.0 , 536091.0
Thistleyhaugh_Farm_Cottage_28085 ,  75EF109A-3167-40CF-8BEC-3EB032B28085 , Thistleyhaugh Farm Cottage , 413155.0 , 598254.0
Thornfields_Close_Farm_18F60 ,  1320494B-5BA8-48B9-A687-7723A9818F60 , Thornfields Close Farm , 433786.0 , 512958.0
Thornley_Moor_Farm_811B3 ,  AC2998B9-B493-48A8-873C-7F9A00D811B3 , Thornley Moor Farm , 435103.0 , 538184.0
Three_Lane_Ends_Farm_E778C ,  41CBAF51-8D3A-4375-A3AC-1663CD6E778C , Three Lane Ends Farm , 418543.0 , 529434.0
Tileshed_Manor_Farm_C3EAE ,  3CF1561B-2988-40AD-A8B7-522F583C3EAE , Tileshed Manor Farm , 436734.0 , 562043.0
Tithe_Barn_Farm_3E38E ,  7CCB944D-419A-4ECD-B731-38EB4543E38E , Tithe Barn Farm , 440935.0 , 507058.0
Tocketts_Bridge_Farm_B124F ,  617DE3DC-8762-475E-ACFB-4141A2EB124F , Tocketts Bridge Farm , 461784.0 , 517690.0
Town_End_Farm_BCBBB ,  CA36842E-1E1F-4396-80F7-5EB81F0BCBBB , Town End Farm , 434935.0 , 559577.0
Tunstall_Farm_0F809 ,  C48F93DD-0A47-41AB-92A0-88F862B0F809 , Tunstall Farm , 448430.0 , 531637.0
Turtle_Hill_Farm_FEE52 ,  C410DC8A-0DF4-42A0-B0BC-CA7ED98FEE52 , Turtle Hill Farm , 448923.0 , 503313.0
Underhill_Farm_C1F41 ,  99C9115F-105F-47D6-BDB4-628BDE9C1F41 , Underhill Farm , 486967.0 , 506492.0
Underhill_Farm_DC8D7 ,  795F7FC4-D92D-4378-ADAF-476FBE7DC8D7 , Underhill Farm , 451295.0 , 503388.0
Usworth_House_Farm_67D98 ,  9F9C79DD-4710-46DB-BCDA-E89038967D98 , Usworth House Farm , 428999.0 , 558895.0
Wallhouses_South_Farm_Bungalow_A88A5 ,  75BC4A0F-EBDD-48E1-ACD2-9A694A0A88A5 , Wallhouses South Farm Bungalow , 404034.0 , 568295.0
Warnbeck_Farm_E000C ,  55806328-5D99-4479-BDB4-82CE8ECE000C , Warnbeck Farm , 485754.0 , 510456.0
Wayside_Farm_D8BAF ,  42D55F74-74E9-4A61-A969-17AE5F8D8BAF , Wayside Farm , 457986.0 , 504973.0
Wear_View_Farm_F1128 ,  AAEACBB6-9BD8-42A7-9161-8238291F1128 , Wear View Farm , 412710.0 , 529648.0
Wellfield_Farm_F6BBA ,  D5025208-51D3-40CB-B048-1DBD324F6BBA , Wellfield Farm , 497773.0 , 500319.0
West_Batter_Law_Farm_2C4CE ,  BC69722C-661A-4C82-8349-A112B852C4CE , West Batter Law Farm , 440658.0 , 545436.0
West_Brunton_Farm_D54F5 ,  72BED3F7-8AA2-40F5-908B-A9F441FD54F5 , West Brunton Farm , 421846.0 , 570903.0
West_Farm_FED90 ,  47E5A7D7-AB4F-419C-AD69-4B23A10FED90 , West Farm , 415380.0 , 573398.0
West_Holling_Carr_Farm_4AD59 ,  938F3ED5-248E-457B-B399-EEE25244AD59 , West Holling Carr Farm , 439297.0 , 533127.0
West_House_Farm_DE077 ,  D58DD134-4517-4D94-A39C-5444CDBDE077 , West House Farm , 434676.0 , 532804.0
West_Layton_Farm_D2DF6 ,  DBD5FC59-4609-43D3-92E6-E7B7907D2DF6 , West Layton Farm , 414690.0 , 509871.0
West_Newlands_Farm_E1FF1 ,  BE00BEAD-0AF5-4BCA-8836-A527246E1FF1 , West Newlands Farm , 442056.0 , 523351.0
West_Woodburn_Farm_Cottage_375BF ,  F47B785A-699E-4022-9ADE-B14BB03375BF , West Woodburn Farm Cottage , 439770.0 , 535920.0
Whinney_Hill_Farm_Cottages_7BDB4 ,  8B468827-575E-4D31-ACCA-35C3F787BDB4 , Whinney Hill Farm Cottages , 425488.0 , 584628.0
Whitcliffe_Farm_D39C8 ,  34C9163B-BCEA-4F18-AE9F-F0B1C09D39C8 , Whitcliffe Farm , 415188.0 , 501497.0
Whitehall_Farm_25B40 ,  283EACA3-A089-4C16-8CCD-07D7A0725B40 , Whitehall Farm , 424657.0 , 576535.0
Whitley_Hill_Farm_70B9B ,  DC77B38F-486C-4E32-90F8-49F65D170B9B , Whitley Hill Farm , 459339.0 , 506392.0
Whitwell_East_House_Farm_E1DB5 ,  55223096-C322-4903-ABC4-2DC907AE1DB5 , Whitwell East House Farm , 431627.0 , 540108.0
Willowbeds_Farm_6932A ,  6B3FD03B-98A4-4E84-9E58-085158A6932A , Willowbeds Farm , 425009.0 , 558371.0
Wilmire_Farm_3E0BE ,  0EBC4B91-8D28-4CC0-B049-5B65E253E0BE , Wilmire Farm , 443758.0 , 524937.0
Woodcroft_Farm_AAEBE ,  63E44B0E-C164-49B2-A8F4-49923FCAAEBE , Woodcroft Farm , 400918.0 , 537290.0
Wooden_Willy's_Farm_D4C20 ,  42F36E4A-217A-4BB7-8AA3-C6B416ED4C20 , Wooden Willy's Farm , 429820.0 , 574705.0
Woodlands_Hall_Farm_C47DB ,  38B58269-977B-45D3-B2D9-C8A579FC47DB , Woodlands Hall Farm , 412372.0 , 547018.0
Woodlands_Park_Farm_2913E ,  DF7CD07A-F10A-4E01-ACF7-F0458D82913E , Woodlands Park Farm , 411722.0 , 546994.0
Woodside_Farm_31B32 ,  83F9E6E6-7B30-4D3D-B91B-FBB65C631B32 , Woodside Farm , 438194.0 , 541992.0
Woodside_Farm_46A50 ,  78BEF536-8CBF-4E3C-B1C2-24BEC1446A50 , Woodside Farm , 414543.0 , 573010.0
Woodside_Farm_30404 ,  9178D960-EEC3-4E5D-AA77-313660D30404 , Woodside Farm , 438558.0 , 521756.0
Woodside_Farm_F8D53 ,  19881481-5213-4AD5-9CA5-8FBA0D8F8D53 , Woodside Farm , 401307.0 , 522874.0
Worsall_Grange_Farm_18E3D ,  3F1E8D6E-E6F4-4CBA-B474-B76BE9F18E3D , Worsall Grange Farm , 439901.0 , 509474.0
Abbey_Hill_Farm_803AA ,  8A48C68D-204F-4B63-AE87-74E95AC803AA , Abbey Hill Farm , 447183.0 , 531909.0
Acre_Farm_2D6D3 ,  381B332F-0658-45A1-99E6-A838A092D6D3 , Acre Farm , 417499.0 , 505333.0
Bankfoot_Farm_BAC78 ,  A33595FF-4CB2-4113-B86A-650EA56BAC78 , Bankfoot Farm , 419801.0 , 525954.0
Barcus_Close_Farm_6B85A ,  16E7FD11-D115-47A7-91BB-EC719326B85A , Barcus Close Farm , 418751.0 , 556105.0
Bark_Farm_B65DA ,  D2EF8A5E-6914-4C44-A1BC-A7C3032B65DA , Bark Farm , 420987.0 , 500289.0
Barnacres_Farm_65EF8 ,  0F74C26C-716E-4A4D-989A-C883D0965EF8 , Barnacres Farm , 420508.0 , 502924.0
Bays_Leap_Farm_9295A ,  C3E0C2F3-6949-42B0-8646-168ADCD9295A , Bays Leap Farm , 413392.0 , 567218.0
Beacon_Farm_F677D ,  1E788A43-76BC-449F-BE5F-6E3A6FBF677D , Beacon Farm , 415120.0 , 502284.0
Beacon_Hill_Farm_0108A ,  C5FCE5D3-403B-490E-9858-83966510108A , Beacon Hill Farm , 443630.0 , 532307.0
Beck_Hill_Farm_CAF0B ,  7A68888C-0A32-4902-A6DD-77A5AB8CAF0B , Beck Hill Farm , 426633.0 , 501643.0
Benridge_Farm_9C353 ,  5ABBAC35-1918-4443-9C0D-A69486F9C353 , Benridge Farm , 446667.0 , 537607.0
Betty's_Farm_E0B14 ,  ED0FF808-E09C-45B5-9F5D-D4B91F8E0B14 , Betty's Farm , 440541.0 , 518929.0
Binchester_Hall_Farm_4C2E3 ,  4CF9BC17-522D-4AC9-8FE1-FB5888F4C2E3 , Binchester Hall Farm , 420818.0 , 531398.0
Birchwood_Game_Farm_B193C ,  D9463BD2-1281-4022-AA30-7E188C8B193C , Birchwood Game Farm , 418572.0 , 556651.0
Blackhill_Farm_87231 ,  F002C8D4-5F49-443E-AD2D-769EE0B87231 , Blackhill Farm , 417137.0 , 507321.0
Bluestone_Park_Farm_7249D ,  FDA58652-7615-43C7-8E5A-AEDD87E7249D , Bluestone Park Farm , 405523.0 , 519688.0
Boggle_Beck_Farm_1F7D2 ,  D0BED814-37DB-46E8-AEFE-1FCE14D1F7D2 , Boggle Beck Farm , 434140.0 , 525140.0
Bowbank_House_Farm_FA8CC ,  8B41B920-AF1F-4FA6-B911-971CC54FA8CC , Bowbank House Farm , 427072.0 , 531613.0
Bow_Meadows_Poultry_Farm_45E81 ,  A5D146C9-7121-4F54-BE55-141EC9645E81 , Bow Meadows Poultry Farm , 437062.0 , 560378.0
Bradley_Farm_76601 ,  EC5B1EE6-B794-4804-B0F2-A93629476601 , Bradley Farm , 443767.0 , 525257.0
Brakes_Farm_Cottage_1F045 ,  AD1BD4A4-3386-48C3-B38F-B0ED5FE1F045 , Brakes Farm Cottage , 433918.0 , 528503.0
Brambles_Farm_F0C9E ,  6A920022-D6A6-4CD4-BCEA-E74FADDF0C9E , Brambles Farm , 452495.0 , 519413.0
Brass_Castle_Farm_0FAED ,  4F4AF0A1-7D90-4FD1-B6CA-3EA58D40FAED , Brass Castle Farm , 433593.0 , 512016.0
Bridge_End_Farm_58DAE ,  B6B5D8D1-5C06-4CE5-8640-F1F300E58DAE , Bridge End Farm , 440268.0 , 524576.0
Bridge_Farm_F96B4 ,  D965ACF8-1E32-4E50-9076-3D003D9F96B4 , Bridge Farm , 494838.0 , 502286.0
Bridgefield_Farm_6C6F5 ,  98B4B1C5-94AD-4934-987C-8C245E96C6F5 , Bridgefield Farm , 440661.0 , 535596.0
Bridleway_Farm_25FE7 ,  0E7A9A38-D616-44A9-BDB0-2E01E3425FE7 , Bridleway Farm , 451525.0 , 509588.0
Brierton_Heights_Farm_0B8B1 ,  05EB8645-565B-4486-B6FC-7380FEF0B8B1 , Brierton Heights Farm , 446317.0 , 530292.0
Broad_Oak_Farm_124FF ,  A67B66BE-C8C7-473E-9DF6-D4E67A3124FF , Broad Oak Farm , 432416.0 , 531400.0
Brookfield_Farm_933DE ,  A5DE3BF8-A35A-4B87-84B3-D8DEA23933DE , Brookfield Farm , 443515.0 , 522915.0
Brookfields_Farm_6C24B ,  DC8C2CFC-6384-4714-9D2D-AB13E8D6C24B , Brookfields Farm , 436924.0 , 507055.0
Brookside_Farm_931EB ,  40EF877A-A5DE-4A46-8844-A0E11FD931EB , Brookside Farm , 404213.0 , 559414.0
Bungalow_Farm_44D37 ,  B2582D83-52EA-4608-8848-393105D44D37 , Bungalow Farm , 493003.0 , 500771.0
Burnholme_Farm_E1911 ,  3D7B3E7C-E165-49CC-ADE7-70CCEFAE1911 , Burnholme Farm , 408763.0 , 515220.0
Burnside_Farm_D9B79 ,  CFDAEE18-77BE-45B5-83E2-AF7485DD9B79 , Burnside Farm , 414647.0 , 567942.0
Cabin_House_Poultry_Farm_BE722 ,  6BBC6BFD-301B-4BC6-8072-FC43ED4BE722 , Cabin House Poultry Farm , 411832.0 , 526094.0
Calf_Close_Farm_3F0C9 ,  1A4C69F0-EA06-4BEA-94F2-BC28A693F0C9 , Calf Close Farm , 440436.0 , 542854.0
Cherry_Bank_farm_7C438 ,  0E17C2DC-CFC1-4B1A-8C8D-DF802337C438 , Cherry Bank farm , 477298.0 , 507506.0
Cherry_Tree_Farm_CD91C ,  0E208299-C449-4B8B-A823-9D72285CD91C , Cherry Tree Farm , 430966.0 , 529656.0
Chestnut_Farm_556B2 ,  72E28042-BC70-49D8-8D62-159095A556B2 , Chestnut Farm , 451441.0 , 506868.0
Chibburn_Farm_EBF42 ,  20BCF331-03E5-4554-96EF-574AE05EBF42 , Chibburn Farm , 425488.0 , 597687.0
Church_Farm_38D01 ,  FE5780AB-20BF-431E-A69C-236092F38D01 , Church Farm , 431510.0 , 572320.0
Crow_Hall_Farm_5B024 ,  19120AA8-DBBF-4BB7-97E3-296195A5B024 , Crow Hall Farm , 432785.0 , 574615.0
Claypit_Farm_3FBF3 ,  0E68983F-FDC7-4DA6-A639-5347D103FBF3 , Claypit Farm , 446399.0 , 533671.0
Clifton_Lane_Farm_73591 ,  71DDB26C-54BF-45CD-AECE-5BC8C0C73591 , Clifton Lane Farm , 420973.0 , 582571.0
Coalford_Lane_Farm_82742 ,  641A33C1-399E-49AD-AE6A-0965A2F82742 , Coalford Lane Farm , 433944.0 , 543843.0
Coatham_Lane_Farm_5A5FB ,  9A38C091-785C-4A0E-B4F4-EDDCC815A5FB , Coatham Lane Farm , 427723.0 , 520384.0
Coldstream_Farm_Bungalow_2D6E6 ,  D3C33BA6-06EC-4F98-9A38-377964A2D6E6 , Coldstream Farm Bungalow , 425761.0 , 536719.0
Coldwell_Burn_Farm_6ABA1 ,  1984FE0D-7D44-46A3-A013-8F982886ABA1 , Coldwell Burn Farm , 437547.0 , 543929.0
Copelaw_Farm_Cottages_8C469 ,  473D88E4-183A-4B4E-B3F6-9BF2CB78C469 , Copelaw Farm Cottages , 429264.0 , 525887.0
Coppice_Farm_F7C67 ,  33EC7BE9-E85B-4654-BF76-2A0CB8FF7C67 , Coppice Farm , 441785.0 , 523088.0
Corbie_Farm_32006 ,  BBB49256-4A5D-4DDB-978E-78DAE5032006 , Corbie Farm , 435143.0 , 538991.0
Cottage_Farm_9B38B ,  A92D6158-256E-4C84-B72F-94A59629B38B , Cottage Farm , 417749.0 , 528017.0
Council_Farm_7394F ,  466EDF34-8C2F-46BD-835C-E13455B7394F , Council Farm , 416696.0 , 520818.0
Crabtree_Farm_BCAC3 ,  21046159-0004-4277-81F7-73D89D9BCAC3 , Crabtree Farm , 450099.0 , 505866.0
Crookfoot_Farm_DE746 ,  2954C2CA-DC17-48A9-814C-B8E8249DE746 , Crookfoot Farm , 443114.0 , 530823.0
Crow's_Meadow_Farm_6F660 ,  938165DF-220E-403B-B5AC-75241A96F660 , Crow's Meadow Farm , 446817.0 , 529394.0
Crow_Wood_Farm_Covert_996F4 ,  6E333849-FF5A-476C-8624-3A96DE6996F4 , Crow Wood Farm Covert , 455708.0 , 508001.0
Dale_View_Farm_81B96 ,  6C66A2AB-4A83-4569-BD99-43BD26F81B96 , Dale View Farm , 450674.0 , 509684.0
Dalton_Gates_Farm_DA2B0 ,  91B6D379-667F-42C2-BA4E-B7E0824DA2B0 , Dalton Gates Farm , 429086.0 , 505152.0
Dapple_Farm_E4406 ,  D5F3CD24-DCDD-4488-BDEF-F8DCD86E4406 , Dapple Farm , 410411.0 , 540096.0
Dean_View_Farm_AB5F8 ,  204A87F4-8574-417E-881A-6B89DBFAB5F8 , Dean View Farm , 420600.0 , 549242.0
Deepdale_Farm_9D94C ,  B24932C1-BC64-46A0-B85B-75637A09D94C , Deepdale Farm , 441143.0 , 500298.0
Deepdale_Farm_86F3C ,  3A314C99-8024-4C7F-BED8-94B7EFE86F3C , Deepdale Farm , 472086.0 , 519134.0
Delholme_Farm_D528D ,  757C4053-EA8E-4923-A531-66957D9D528D , Delholme Farm , 438022.0 , 519484.0
Downland_Farm_9E0F7 ,  E4B997A0-6229-449C-B7A7-F27D7889E0F7 , Downland Farm , 437035.0 , 521794.0
Durhamfield_Farm_449C4 ,  AC8451A4-B65B-4B6B-B100-3C9A2F9449C4 , Durhamfield Farm , 405414.0 , 550822.0
Earsdon_West_Farm_1062E ,  D2EEAFDF-718C-47D9-B72B-9767BED1062E , Earsdon West Farm , 419931.0 , 593887.0
East_Durham_Cathedral_Farm_C8B86 ,  AEC4729F-4476-4630-8894-94AFA60C8B86 , East Durham Cathedral Farm , 432245.0 , 543211.0
East_House_Farm_54F00 ,  5B1F13FD-59A7-486F-8C1C-F9BD8DA54F00 , East House Farm , 433342.0 , 535831.0
East_House_Farm_3790E ,  958DD950-8009-461A-8240-1D2D9DC3790E , East House Farm , 424698.0 , 509331.0
East_Moor_Farm_26E72 ,  FF0D6A73-B818-40F5-9607-3F983D026E72 , East Moor Farm , 427659.0 , 591027.0
East_Moor_Leazes_Farm_Bungalow_EFC2F ,  F989EB74-56EC-4CE6-A414-AE76FB6EFC2F , East Moor Leazes Farm Bungalow , 429696.0 , 546149.0
East_Park_Farm_991FD ,  C29C2A2F-9C64-4DFF-867F-A887C25991FD , East Park Farm , 411334.0 , 562550.0
Eddlethorpe_Farm_B272D ,  DB98ABCA-9635-4248-ADF5-86E70E2B272D , Eddlethorpe Farm , 436046.0 , 516532.0
Elm_Court_Farm_B7BF8 ,  282A6B57-28A8-4F9A-B42E-ED9FD6CB7BF8 , Elm Court Farm , 417015.0 , 553430.0
Evenfield_Farm_B175A ,  95D23BEA-7306-447C-B32F-8C6F512B175A , Evenfield Farm , 414503.0 , 524662.0
Farfields_Farm_052EA ,  01AEAE13-A64C-46EB-BEE5-AE351AF052EA , Farfields Farm , 437439.0 , 516725.0
Farm_Plantation_27BC1 ,  59BC25A6-AACD-489D-92CB-496CF9C27BC1 , Farm Plantation , 421523.0 , 543475.0
Feather_Hill_Farm_F99F3 ,  E29A793B-C27D-4FAE-951B-327E31DF99F3 , Feather Hill Farm , 426425.0 , 500232.0
Fell_Farm_96DCF ,  9F5FB783-6484-4F2D-9ADB-477A1D296DCF , Fell Farm , 413109.0 , 562759.0
Field_House_Farm_2DE00 ,  53FEEC72-700F-4D31-A93A-4F535482DE00 , Field House Farm , 448253.0 , 526748.0
Finely_Farm_6A25F ,  E6DFC0EF-BDF9-46FC-93F0-95C24DC6A25F , Finely Farm , 413969.0 , 547377.0
Fir_Tree_Farm_62ECD ,  17EE4F86-8144-487B-A2A6-E8332E062ECD , Fir Tree Farm , 431722.0 , 521582.0
Fontburn_Farmhouse_CC3D6 ,  046C322E-18DC-42EF-8DB9-CBB30D7CC3D6 , Fontburn Farmhouse , 405585.0 , 593455.0
Forge_Farm_House_CF4BC ,  781AA993-DE78-4377-A72B-755E179CF4BC , Forge Farm House , 427460.0 , 549707.0
Lambs_House_Farm_00064 ,  DAD4FDB9-2164-489B-B474-625005900064 , Lambs House Farm , 446790.0 , 532740.0
Shildon_Hill_Farm_Cottages_3B081 ,  F5259957-E687-494A-BDCE-F1CA3893B081 , Shildon Hill Farm Cottages , 403539.0 , 566914.0
Kipperlynn_Farm_7FA8D ,  FA4CC0C8-A4EA-4457-A40C-A6C04937FA8D , Kipperlynn Farm , 406327.0 , 557556.0
Rothley_Crag_Farm_1BB6F ,  03D8D127-DD76-44A3-AEED-0C801E21BB6F , Rothley Crag Farm , 405087.0 , 589507.0
Red_Hill_Farm_202E1 ,  E206DB86-B5C8-438F-A08E-0C756F9202E1 , Red Hill Farm , 438362.0 , 514331.0
Grange_Farm_Cottage_FC3FA ,  E4E8B9E2-FA20-4542-AC01-C9AA5DFFC3FA , Grange Farm Cottage , 436156.0 , 508562.0
Low_Parsons_Byers_Farm_7292A ,  70AC5650-E40F-4E15-B637-032287A7292A , Low Parsons Byers Farm , 400623.0 , 537751.0
St_Trinian's_Farm_3223C ,  56E400E9-A389-4D48-B892-F69A1613223C , St Trinian's Farm , 419303.0 , 501098.0
Barnby_Dales_Farm_854B1 ,  16BDC6AB-CD92-4226-968D-226C168854B1 , Barnby Dales Farm , 481383.0 , 514445.0
Baydale_Farm_C3866 ,  0F60FE59-E769-4427-BDE3-E871738C3866 , Baydale Farm , 426516.0 , 513293.0
Bearpark_Hall_Farm_5A196 ,  C5644AC9-D8AA-4F0E-9677-03A2A365A196 , Bearpark Hall Farm , 424494.0 , 543907.0
Birney_Hill_Farm_Cottage_511F1 ,  0624BFFD-A6EE-431B-98D2-FCE6DA9511F1 , Birney Hill Farm Cottage , 414773.0 , 569617.0
Black_Bull_Farm_3760E ,  CA0CC769-484E-4CAA-8D52-77A1CE93760E , Black Bull Farm , 410395.0 , 516664.0
Bog_House_Farm_3709C ,  87E22C04-5DCD-41FB-92CA-00C24483709C , Bog House Farm , 481151.0 , 512835.0
Brackenbury_Leazes_Farmhouse_FB3B2 ,  C724A92A-F247-40F5-9E6C-E35CEB8FB3B2 , Brackenbury Leazes Farmhouse , 419230.0 , 523742.0
Brass_Sykes_Farm_6E587 ,  8C12AFE9-4EC1-4034-B943-EA2879F6E587 , Brass Sykes Farm , 450518.0 , 505126.0
Brockwell_Farm_CDC96 ,  4D4D5FB7-FBFE-49C1-83DC-75E79E7CDC96 , Brockwell Farm , 417765.0 , 546912.0
Broom_Hall_Farm_Cottages_8D5A0 ,  6F8D3649-035C-4CEF-B7EA-D77E04F8D5A0 , Broom Hall Farm Cottages , 416743.0 , 569201.0
Broomhouse_Farm_952F2 ,  52213FBC-87C5-4644-A274-57739A8952F2 , Broomhouse Farm , 401334.0 , 584813.0
Church_Hill_Farm_1299B ,  B704B0AB-3C7B-4F88-84DE-B290B1A1299B , Church Hill Farm , 412686.0 , 530807.0
Combe_Bank_Farm_AA10D ,  EBB91379-B016-4223-A74F-68DF48FAA10D , Combe Bank Farm , 465581.0 , 516511.0
Coney_Garth_Farm_Cottages_3BEC4 ,  B26F064C-8A30-426F-9149-0CB5E1E3BEC4 , Coney Garth Farm Cottages , 424540.0 , 587380.0
East_Field_Farm_84CDB ,  5745A2DE-39E2-4CAD-B63F-2D7164284CDB , East Field Farm , 425910.0 , 522669.0
Eastgate_Farm_A33A9 ,  6E62EABA-E054-4CA0-B534-0C418BAA33A9 , Eastgate Farm , 439222.0 , 515086.0
Farm_Cottages_8EF90 ,  7243DA39-B21D-4CAF-B893-3955FE68EF90 , Farm Cottages , 421869.0 , 551963.0
Foxrush_Farm_Community_Woodland_43140 ,  6E26D6F6-6676-4FB7-B3F0-9727E1143140 , Foxrush Farm Community Woodland , 458846.0 , 523390.0
Fyling_Park_Farm_54539 ,  675DD7AE-614B-4929-ABB8-9E3CABA54539 , Fyling Park Farm , 493844.0 , 503300.0
Gallawhill_Farm_8F080 ,  E79BC32F-0AF9-4B11-9C12-DC38AD08F080 , Gallawhill Farm , 402768.0 , 559645.0
Galleyburn_Farmhouse_FE0E8 ,  CD425338-3CDF-44D9-8AF2-82DF4A4FE0E8 , Galleyburn Farmhouse , 414020.0 , 556873.0
Garden_House_Farm_80592 ,  AC3A319F-A123-4636-BCFC-C28A1A380592 , Garden House Farm , 405674.0 , 589250.0
Glebe_View_Farm_2E139 ,  D9996654-244C-4E01-9558-29140952E139 , Glebe View Farm , 429711.0 , 510773.0
Green_Acres_Farm_7D86F ,  D98247C2-0802-4508-B01F-02E55FE7D86F , Green Acres Farm , 443877.0 , 532162.0
Green_Bank_Farm_D0941 ,  8292C2E9-88D2-48DE-BB94-4A21878D0941 , Green Bank Farm , 455396.0 , 506789.0
Green_Pasture_Farm_A8E54 ,  AD41B281-3C35-4566-AFF6-74AFB63A8E54 , Green Pasture Farm , 440682.0 , 507258.0
Greystones_Farm_Cottage_AEBE9 ,  555CADB1-7030-4A77-88C0-B9BAD7DAEBE9 , Greystones Farm Cottage , 425739.0 , 520389.0
Grindstone_Law_Farm_Cottage_98253 ,  1BD394BC-692F-432E-8234-E11123598253 , Grindstone Law Farm Cottage , 400398.0 , 572856.0
Hall_Farm_95A82 ,  9AF9E7CE-6F7E-4EAF-9D0E-D05FC9695A82 , Hall Farm , 410278.0 , 511550.0
Hall_Farm_AD597 ,  361DB2D1-E9B4-4314-951F-E355074AD597 , Hall Farm , 438782.0 , 521695.0
Handale_Bank_Farm_C4C8F ,  73A8936C-FD2D-4BBC-94D1-3C4E68EC4C8F , Handale Bank Farm , 472179.0 , 515789.0
Harehill_Farm_38019 ,  6CAE019B-7A42-4F14-9256-E163BA738019 , Harehill Farm , 437341.0 , 541256.0
Hare_Hill_Wind_Farm_EDB8B ,  A13916CF-1E28-4256-96AE-EDF3A95EDB8B , Hare Hill Wind Farm , 437624.0 , 541057.0
Hartford_Bridge_Farm_342AD ,  B1433663-D7FA-422A-B17A-35C7FF1342AD , Hartford Bridge Farm , 423964.0 , 580117.0
Hedley_Grange_Farm_E59BC ,  106FC6E5-EB6E-45CF-88BF-E71BFA5E59BC , Hedley Grange Farm , 407726.0 , 558655.0
Hedley_Hall_Farm_C0729 ,  4F194A61-D308-490D-B6E4-D6085C4C0729 , Hedley Hall Farm , 422222.0 , 556043.0
High_Brockland_Farm_69DBF ,  0A8469EB-D27F-442F-8037-0B522DF69DBF , High Brockland Farm , 428742.0 , 584759.0
High_Close_Farm_5CA51 ,  6599432F-7609-49DB-9D4E-1A8C3B45CA51 , High Close Farm , 417446.0 , 515065.0
High_Cox_House_Farm_445BA ,  4490FBA1-F0A9-49FA-B093-03AC20B445BA , High Cox House Farm , 413757.0 , 527501.0
High_Farm_DD169 ,  11339ED3-A4FB-48FE-BA15-4194F7ADD169 , High Farm , 438359.0 , 520904.0
Highfield_Farm_CCDA4 ,  1BBB3A42-D4D2-4144-A054-E8D96F4CCDA4 , Highfield Farm , 434556.0 , 514622.0
High_Volts_Farm_93249 ,  4AFC81D5-CECB-4714-9511-FA5DF9393249 , High Volts Farm , 445789.0 , 534000.0
Hillhead_Poultry_Farm_8A2D7 ,  8C4E0118-EE93-4604-BD91-EF490AF8A2D7 , Hillhead Poultry Farm , 440078.0 , 563817.0
Hill_House_Farm_34B5A ,  238468B5-DD31-4E8C-BACB-2ADA77E34B5A , Hill House Farm , 434952.0 , 541400.0
Hogarth_Hill_Farm_D0665 ,  B891720A-B00E-4420-8476-1692409D0665 , Hogarth Hill Farm , 493143.0 , 501694.0
Holefield_Farm_Cottage_7190A ,  BAD0A3A3-569E-4B35-A2B6-4AD94677190A , Holefield Farm Cottage , 440533.0 , 544415.0
Holly_Bush_Farm_A61C6 ,  41A6D003-7CB9-41E9-BD5D-151AB97A61C6 , Holly Bush Farm , 488273.0 , 505515.0
Holme_Farm_DBD7C ,  6457281A-F353-484B-9A77-677D563DBD7C , Holme Farm , 449168.0 , 509223.0
Holme_Hill_Farm_B668D ,  A1EA76EA-DF3D-4596-85EF-56B0E93B668D , Holme Hill Farm , 449678.0 , 509118.0
Home_Farm_364D2 ,  6B1831FC-32C5-4FF9-B1C0-F478BEF364D2 , Home Farm , 421524.0 , 577661.0
Home_Farm_88259 ,  99DE7108-DBD2-445A-B18C-375EE2888259 , Home Farm , 435075.0 , 505102.0
Honeysuckle_Farm_D4062 ,  93DAEA12-3332-4161-9A42-6392123D4062 , Honeysuckle Farm , 489205.0 , 505711.0
Howden_Dene_Farm_22189 ,  68B67FD0-3001-4DB2-8F85-1A689E222189 , Howden Dene Farm , 400053.0 , 564421.0
Humble_Knowle_Farm_915FC ,  5D8B6A45-1A43-4362-B7DA-EC6E8A3915FC , Humble Knowle Farm , 438737.0 , 532348.0
Hunters_Field_Farm_D82C8 ,  34E61EF2-C1ED-4B71-B035-1B45584D82C8 , Hunters Field Farm , 409433.0 , 536807.0
Hurworth_Bryan_Farm_D2664 ,  E4E58E57-301E-4421-BAF1-FD0EAA5D2664 , Hurworth Bryan Farm , 438973.0 , 535472.0
Hurworth_Burn_Farm_F2DE9 ,  DEC22C45-FC2A-49E8-96BE-E94F625F2DE9 , Hurworth Burn Farm , 440409.0 , 533334.0
Hurworth_Moor_Farm_256EA ,  E4AA1F91-8834-421C-8250-F3BE2EE256EA , Hurworth Moor Farm , 431644.0 , 512357.0
Hutton_Fields_Farm_AB5A0 ,  AE234E2E-65C5-4907-975F-5DC8144AB5A0 , Hutton Fields Farm , 413358.0 , 511738.0
Ingleby_Lane_Farm_C37FD ,  92161F26-7A75-4D2D-98B3-FBE988EC37FD , Ingleby Lane Farm , 457641.0 , 507592.0
Irthingvale_Farm_ADBCE ,  0A340098-97B4-4DFF-B280-51B35A3ADBCE , Irthingvale Farm , 411209.0 , 547604.0
Ivy_Cottage_Farm_091CB ,  DF7BCB14-3ABE-44B5-8B62-456D526091CB , Ivy Cottage Farm , 413551.0 , 523170.0
Jubilee_Wood_Farm_21B6E ,  CACA9115-8672-45A2-82C4-27ABD0621B6E , Jubilee Wood Farm , 422093.0 , 523554.0
Kirkbank_Farm_B4594 ,  CD6ED11F-E93A-4EDC-ACC3-5CD00CBB4594 , Kirkbank Farm , 418786.0 , 505772.0
Lane_End_Farm_DECF3 ,  C6573B75-CB29-442C-A151-A0D3AD8DECF3 , Lane End Farm , 420820.0 , 503159.0
Lea_Close_Farm_E4D83 ,  CBFD2920-7F28-486D-B45E-D561ACFE4D83 , Lea Close Farm , 434347.0 , 522511.0
Levenside_Farm_01168 ,  F76D88F0-427F-4BCB-908A-6BBA15101168 , Levenside Farm , 449663.0 , 506980.0
Lintz_Hall_Farm_39FFF ,  AE87B4B2-669A-4953-B329-EE8263A39FFF , Lintz Hall Farm , 415709.0 , 556013.0
Lisearn_Farm_830DD ,  DE2A75D7-98A3-4D65-B8EE-091BD00830DD , Lisearn Farm , 440259.0 , 501506.0
Little_Holmside_Farm_8A17A ,  A8515940-1BC6-44BE-94F0-716061A8A17A , Little Holmside Farm , 419913.0 , 549254.0
Lizards_Farm_11744 ,  A5AF761E-32EC-49D1-A964-4A819EC11744 , Lizards Farm , 440196.0 , 563338.0
Long_Riggs_Farmhouse_2A6D3 ,  A1C1D53F-E601-43D0-984F-70D2A5F2A6D3 , Long Riggs Farmhouse , 417385.0 , 514667.0
Lovesome_Hill_Farm_BDB20 ,  2B2A2B58-AB9D-4A49-B9C6-C2563D5BDB20 , Lovesome Hill Farm , 430243.0 , 521286.0
Low_Bridges_Farm_84A56 ,  1E833B3A-AC49-4B08-9C1A-5089CA484A56 , Low Bridges Farm , 404392.0 , 557417.0
Lowfield_Farm_8E5E2 ,  8E440EE9-04A8-42E6-8E0F-C4267F98E5E2 , Lowfield Farm , 421754.0 , 534719.0
Lowfield_Farm_4281A ,  052BADEB-E7DA-4514-86A4-E4406A54281A , Lowfield Farm , 443632.0 , 523100.0
Low_Stotfoled_Farm_Cottage_BD208 ,  D8517DEA-8595-4171-9B5D-EB8BBBBBD208 , Low Stotfold Farm Cottage , 445513.0 , 528979.0
Leas_Head_Farm_A18C9 ,  B8FE0661-532E-4468-AB33-14F009FA18C9 , Leas Head Farm , 488168.0 , 503427.0
Manor_Farm_A73A1 ,  4E347F43-4A91-49FC-B11A-CBBD9EBA73A1 , Manor Farm , 436441.0 , 528185.0
Marshall_Lands_Farm_36108 ,  B78AAA7B-F720-4477-8D02-4CD436536108 , Marshall Lands Farm , 421205.0 , 560133.0
Marske_End_Farm_79262 ,  D2FD0C6F-B709-45FF-B44B-7A65AF079262 , Marske End Farm , 464842.0 , 521256.0
Marske_Inn_Farm_BBCBE ,  E4FECA39-4FF8-4E0B-8766-CE1198ABBCBE , Marske Inn Farm , 463599.0 , 521577.0
Meadowfield_Farm_F181B ,  8D222512-247F-46DC-A9F2-6B47533F181B , Meadowfield Farm , 410421.0 , 543162.0
Mickley_Moor_West_Farm_4F033 ,  60B86AE8-B18A-4CB3-AD31-A1BA9DD4F033 , Mickley Moor West Farm , 407948.0 , 560428.0
Micklow_Hill_Farm_8804D ,  E6810BCA-99D1-4CCA-9365-FF1CEB38804D , Micklow Hill Farm , 421235.0 , 510244.0
Middleton_Grove_Farm_93129 ,  DCFDF8A5-ED56-4922-9FE6-AA809C093129 , Middleton Grove Farm , 447288.0 , 509294.0
Middleton_House_Farm_A1364 ,  BACCC66B-30FA-4B89-B964-F494FB1A1364 , Middleton House Farm , 444279.0 , 532963.0
Midway_Farm_9A6F2 ,  1E8F66E6-FC75-4A61-8CA6-E2243989A6F2 , Midway Farm , 434272.0 , 514948.0
Mill_Hill_Farm_00CEC ,  7FA94EF0-96AA-4D5F-9798-AD3CF3E00CEC , Mill Hill Farm , 401982.0 , 519560.0
Millhouse_Farm_E8496 ,  1A4E5050-1026-4FE3-99BE-3315423E8496 , Millhouse Farm , 413721.0 , 528149.0
Misty_Blue_Farm_28D04 ,  D1747A64-EE62-40BE-BC9C-217E6F828D04 , Misty Blue Farm , 425347.0 , 532558.0
Moorsley_Banks_Farm_E6097 ,  186E05AA-94BB-42AD-88B7-8EEA139E6097 , Moorsley Banks Farm , 425211.0 , 542693.0
Aldin_Grange_Farm_D68EC ,  1A6EE80E-9626-4814-BC82-9928C17D68EC , Aldin Grange Farm , 424689.0 , 542971.0
Mordon_Cottage_Farm_C2498 ,  2ED5178E-8A7E-4E9B-9F65-C249898C2498 , Mordon Cottage Farm , 433541.0 , 526168.0
Mount_Hope_Farm_6BD88 ,  66BAF902-6FE0-470F-9302-789B4816BD88 , Mount Hope Farm , 413310.0 , 569021.0
Mount_Pleasant_Farm_433F1 ,  A9958C01-6D9A-447D-8F1B-3966D80433F1 , Mount Pleasant Farm , 433427.0 , 520773.0
Mount_Pleasant_Farm_C5005 ,  25982D42-E61C-4036-9163-73A4880C5005 , Mount Pleasant Farm , 439763.0 , 543871.0
Murton_East_Farm_1FE27 ,  EA2940FA-7C5F-4AC4-99BB-5E305FD1FE27 , Murton East Farm , 441584.0 , 532499.0
New_Farm_Cottage_B5E13 ,  3E14BB95-F3E7-4D88-9401-B9C0406B5E13 , New Farm Cottage , 416330.0 , 584540.0
New_Farm_House_0E51E ,  0974E817-C7E0-4E1F-8733-8A3DA1D0E51E , New Farm House , 414860.0 , 546741.0
New_Grange_Farm_ADF8F ,  29B5E31D-4110-469C-83EE-E4AE533ADF8F , New Grange Farm , 439804.0 , 523139.0
New_Sheepfold_Farm_283C6 ,  2C0FE509-F095-4284-BC2D-F7FFBCA283C6 , New Sheepfold Farm , 459054.0 , 503603.0
Newstead_Farm_11329 ,  175A969B-184D-4C79-ACE8-F974AFC11329 , Newstead Farm , 435352.0 , 520180.0
New_Town_Farm_139B3 ,  84F05353-7DCA-40EA-BCCA-75980E3139B3 , New Town Farm , 436988.0 , 520659.0
New_Warlands_Farm_52F9D ,  C15E48B5-843F-4AF7-93C0-FD9B89A52F9D , New Warlands Farm , 421429.0 , 548811.0
North_Close_Farm_D1CB5 ,  3CDD9470-1551-4A19-BBE2-4A836FED1CB5 , North Close Farm , 447805.0 , 527352.0
North_Farm_BD7D0 ,  9B23E34F-C9B0-48EF-A5F2-C8D5D17BD7D0 , North Farm , 418058.0 , 579900.0
North_Pasture_Farm_9D11F ,  4189ED49-257B-41A3-9F34-902CDE49D11F , North Pasture Farm , 447783.0 , 536668.0
North_Whitehouse_Farm_6E906 ,  E3B041B0-A2C3-4708-A443-08E5F326E906 , North Whitehouse Farm , 419024.0 , 581835.0
Nursery_Farm_0726C ,  8B1B647D-D4A3-4964-AA93-4FB5AF70726C , Nursery Farm , 426852.0 , 501236.0
Oak_Lea_Farm_7222D ,  0D4C59A4-031D-4393-B5DF-3574C607222D , Oak Lea Farm , 413759.0 , 536324.0
Oakwood_Farm_CC55A ,  79001174-189F-4C6B-B2B8-FAE0084CC55A , Oakwood Farm , 430441.0 , 511994.0
Ogle_East_Farm_139FD ,  9A56E132-AD03-4EE9-A960-EFB8973139FD , Ogle East Farm , 414659.0 , 579153.0
Old_Acres_Lodge_Farm_B54D5 ,  00327B48-5668-4530-88E2-CBB344AB54D5 , Old Acres Lodge Farm , 438670.0 , 529284.0
Old_Hall_Farm_0811A ,  52FC7D33-FBFD-414D-9A82-D61B6E60811A , Old Hall Farm , 423175.0 , 515244.0
Old_Mill_farm_2BB79 ,  58FBF645-A660-4395-A7EA-E6A05A32BB79 , Old Mill farm , 457034.0 , 505395.0
Ouston_Springs_Farm_865DC ,  EC734D34-171E-49FC-9D52-668B3E3865DC , Ouston Springs Farm , 426399.0 , 554185.0
Parkers_Farm_7DEA2 ,  AA5CE60D-E7BC-44EC-ADB3-473007F7DEA2 , Parkers Farm , 415302.0 , 553007.0
Park_Farm_45D84 ,  4639A5AB-7A3E-4207-AE80-947959F45D84 , Park Farm , 414511.0 , 582245.0
Park_Farm_Plantation_B6D4A ,  67421245-22DB-4BB5-BFA9-02AFDD0B6D4A , Park Farm Plantation , 423484.0 , 558416.0
Parkside_Farm_5A0A8 ,  766307CC-6EDC-454E-AF03-96173335A0A8 , Parkside Farm , 449018.0 , 506741.0
Partridge_Hill_Farm_5809B ,  7C492025-D54E-436A-BBD8-BF8FAC85809B , Partridge Hill Farm , 493080.0 , 504061.0
Pinchbeck_Farm_8F05A ,  A5F434CD-B4FA-4C1C-AE5F-93056B18F05A , Pinchbeck Farm , 437105.0 , 529593.0
Plains_Farm_AE845 ,  30261A1B-30F5-4D9F-A157-4F0FF43AE845 , Plains Farm , 437663.0 , 554809.0
Plantema_Farm_C6E6C ,  1987DCE2-C3EC-4677-B685-64351D6C6E6C , Plantema Farm , 438141.0 , 503649.0
Plessey_Hall_Farm_or_Mill_View_F5460 ,  384B9FAD-F1AC-4127-A5A2-468A136F5460 , Plessey Hall Farm or Mill View , 423384.0 , 579180.0
Pond_Farm_03C78 ,  78509497-C03B-4711-BAF7-28423F303C78 , Pond Farm , 478531.0 , 511541.0
Poplar_Park_Farm_9EB8E ,  4A8F28EF-361D-493E-A473-74D39199EB8E , Poplar Park Farm , 450186.0 , 509620.0
Quarry_House_Farm_9D144 ,  86C90FB1-401F-4F42-91A1-281A6759D144 , Quarry House Farm , 440010.0 , 516375.0
Rectory_Farm_D9605 ,  0D97E268-97DA-4BEB-A168-AD6FE21D9605 , Rectory Farm , 435233.0 , 516669.0
Red_Lion_Farm_54582 ,  10C31847-C119-4D61-90E3-9B06A3F54582 , Red Lion Farm , 444970.0 , 530596.0
Reeley_Mires_Farm_D49BA ,  5EAC491A-557F-4F9B-A558-C590B33D49BA , Reeley Mires Farm , 414542.0 , 561636.0
Red_Roosters_Farm_D7302 ,  BF9FCB47-1184-4D5D-B49A-3C63763D7302 , Red Roosters Farm , 424938.0 , 599444.0
Glebe_Farm_F1D39 ,  AF0E25A0-ADA7-4905-BAE1-B5201CFF1D39 , Glebe Farm , 413416.0 , 581944.0
Green's_Houses_Farm_71479 ,  6CFE6805-CF72-4822-91AF-09314B171479 , Green's Houses Farm , 424896.0 , 573561.0
Harperley_Hall_Farm_3911E ,  8DAC7D8F-D93E-446F-AB05-EAD9F403911E , Harperley Hall Farm , 417694.0 , 553275.0
Manor_Farm_A18C9 ,  BF2E65DE-7313-4C9B-AEF2-A1935E5A18C9 , Manor Farm , 423765.0 , 592020.0
Merrington_Mill_Farm_0B843 ,  C2D2B4A6-D6A9-4EB8-9D8F-43E41ED0B843 , Merrington Mill Farm , 427031.0 , 529466.0
Mole_Hill_Farm_73BDB ,  AC6A6F27-9152-4F0C-8284-D1F1A1073BDB , Mole Hill Farm , 420128.0 , 554740.0
Prospect_Farm_6109B ,  4617AB7F-7E44-4392-B127-1E4B1F96109B , Prospect Farm , 424558.0 , 514880.0
Richmond_Farm_6B095 ,  FA8742D2-D243-4EF6-BCAA-6F69CFB6B095 , Richmond Farm , 410251.0 , 539186.0
Riverside_Farm_90B73 ,  37DEA966-487C-4AAE-84BE-0DEC9F390B73 , Riverside Farm , 428132.0 , 581890.0
Rothley_Mill_Farm_75543 ,  2243C64B-744B-4F27-B604-C61C9DE75543 , Rothley Mill Farm , 404670.0 , 587200.0
Ryehill_Farm_83F87 ,  71E9EA78-5E2A-4D2D-8EF1-318205083F87 , Ryehill Farm , 452648.0 , 513315.0
Rymer's_Moor_Farm_51DAF ,  9693A1D7-6B36-44A5-B5EE-A74A20C51DAF , Rymer's Moor Farm , 439363.0 , 543478.0
Sandyleas_Plantation_Farm_F33AC ,  6972E528-E144-4DB1-8993-791C304F33AC , Sandyleas Plantation Farm , 438649.0 , 518945.0
Scorton_Road_Farm_F8BF9 ,  4BE7D663-C44D-47A0-8062-40A1E5BF8BF9 , Scorton Road Farm , 427821.0 , 502114.0
Scribefield_Farm_7ABD3 ,  5FF2A208-39CD-42F5-9977-CD92BAC7ABD3 , Scribefield Farm , 433984.0 , 539799.0
Searchlight_Farm_CD451 ,  75F3F3A5-C0F0-4922-85D6-7A3B1CACD451 , Searchlight Farm , 454807.0 , 513078.0
Seaton_West_Moor_Farm_481E3 ,  D42C68EF-0AFF-4439-B766-87BC148481E3 , Seaton West Moor Farm , 438304.0 , 549248.0
Selgarth_Farm_FAE7B ,  1361699F-5F01-4832-B538-C2FA7DBFAE7B , Selgarth Farm , 421801.0 , 504571.0
Shothaugh_Farm_High_Cottage_FC565 ,  179DE7F4-F310-4AB4-AE9C-975D161FC565 , Shothaugh Farm High Cottage , 416607.0 , 599751.0
Six_Chimneys_Farm_200FA ,  42F4B51A-9A2C-44CD-B805-D1FA0EC200FA , Six Chimneys Farm , 402881.0 , 513653.0
Skate_Beck_Farm_95CAC ,  60B9FA0A-71AA-4B7A-B3FB-E6F29AB95CAC , Skate Beck Farm , 451509.0 , 507296.0
Smails_Moor_Farm_A3A92 ,  896D5380-8A77-44DC-BC2C-FD7C51EA3A92 , Smails Moor Farm , 494995.0 , 506150.0
Softly_Farm_1215E ,  CD2879A8-290C-4058-8F0F-5C99ED21215E , Softly Farm , 418162.0 , 527519.0
South_Fork_Farm_64A1A ,  8F4FA683-2C71-4047-9357-9D8A6A764A1A , South Fork Farm , 453257.0 , 502535.0
South_Lund_Farm_4E807 ,  C68F3BDE-7DE1-4138-A9E1-ADEF89D4E807 , South Lund Farm , 449831.0 , 507217.0
Spenside_Farm_27E77 ,  9C5F83FA-2316-4E44-B975-15779B027E77 , Spenside Farm , 414108.0 , 560793.0
Spring_Farm_012E7 ,  64CAFDFB-FE3B-4A21-B116-ED28361012E7 , Spring Farm , 416854.0 , 538418.0
Spring_Farm_176B8 ,  4D90FDF8-9968-4AC1-A00B-74A3673176B8 , Spring Farm , 494024.0 , 506809.0
Springfield_Farm_3321C ,  AE7B1F1E-F2AD-4485-AC37-4DB31A13321C , Springfield Farm , 492478.0 , 501205.0
Spring_House_Farm_80519 ,  FA5ADA9E-0A13-4055-AFA5-C50C8E880519 , Spring House Farm , 435408.0 , 515656.0
Springwell_Farm_14441 ,  BE907C38-B16E-478E-942A-081834F14441 , Springwell Farm , 408626.0 , 543903.0
Springwell_House_Farm_B5266 ,  0164EE4A-D35F-4A38-A216-11DCD1FB5266 , Springwell House Farm , 447169.0 , 528339.0
Staindale_Farm_DFA1B ,  08D6C5CA-0FD1-474B-80AB-FF4B517DFA1B , Staindale Farm , 439155.0 , 506712.0
Stampley_Moss_Farm_FE7E6 ,  CF727C77-9B86-4ACE-98ED-0A45683FE7E6 , Stampley Moss Farm , 417061.0 , 560847.0
Station_Farm_CC3C2 ,  5223E936-503B-4B02-90DB-AAA6477CC3C2 , Station Farm , 414258.0 , 517191.0
Stockerley_Bridge_Farm_9581D ,  343DADB0-8D9B-4E61-9A6C-E85462E9581D , Stockerley Bridge Farm , 413856.0 , 548767.0
Stotforth_Hill_Farm_72E6C ,  74E1E9BD-000E-462A-A053-B9FB8DE72E6C , Stotforth Hill Farm , 427029.0 , 527479.0
Stream_Valley_Farm_44BDF ,  472014E5-3E16-440A-9BB7-EE7BEAB44BDF , Stream Valley Farm , 419138.0 , 549106.0
Summerfield_Farm_C6159 ,  F405EAB6-680C-4B31-B80A-7D071D3C6159 , Summerfield Farm , 405796.0 , 551036.0
Sunningdale_Farm_7648B ,  FA1B8290-3C31-4D25-A581-B08D4547648B , Sunningdale Farm , 406704.0 , 516960.0
Sunniside_Farm_B9B24 ,  B7BE3365-26CF-4E6B-9F1E-0E1AFE2B9B24 , Sunniside Farm , 413665.0 , 568281.0
Sun_Ridge_Farm_A9BFE ,  A5AD6551-4931-431A-8856-D7FECDCA9BFE , Sun Ridge Farm , 436903.0 , 540656.0
Tanton_Grange_Farm_63B54 ,  EAA3F7F7-773A-4B28-B983-E84192C63B54 , Tanton Grange Farm , 452257.0 , 510039.0
Teal_Farm_2B0A1 ,  BC62B5C2-10B3-490D-9DBE-2A704572B0A1 , Teal Farm , 432416.0 , 555990.0
West_Field_Farm_Cottage_D5724 ,  3F037DFA-1825-49D7-AFAA-3FC70FED5724 , West Field Farm Cottage , 430562.0 , 573904.0
White_House_Farm_8FC8F ,  213660FC-1E03-423A-B3E3-AB4B9478FC8F , White House Farm , 430887.0 , 547153.0
Wood_Close_Farm_6286F ,  F8B3F9D4-1E42-465A-AF0F-98A27C06286F , Wood Close Farm , 442104.0 , 534409.0
Allendale_Farm_37D85 ,  88D8E71B-32B1-4D88-9AB8-9A35CD137D85 , Allendale Farm , 411685.0 , 555499.0
